{"is_source_file": false, "format": "", "description": "", "external_files": [], "external_methods": [], "published": [], "classes": [], "methods": [], "calls": [], "search-terms": ["simple-to-do-list", "README.md"], "state": 2, "file_id": 1, "knowledge_revision": 21, "git_revision": "3a1c485add7a679a11c89f9e4282c72c4517d4ea", "hash": "d4c359e20339b0f2b0510e2261564632", "format-version": 4, "code-base-name": "todo_frontend", "filename": "README.md", "revision_history": [{"21": "3a1c485add7a679a11c89f9e4282c72c4517d4ea"}]}