{"is_source_file": false, "format": "", "description": "", "external_files": [], "external_methods": [], "published": [], "classes": [], "methods": [], "calls": [], "search-terms": ["CSS variables", "theme management", "dark mode", "responsive design"], "state": 2, "file_id": 7, "knowledge_revision": 18, "git_revision": "cbc5e59a46abc3d899789e4d991cea5a55aa5b8a", "hash": "22f9e17cc1848b56dbb244518ac2707e", "format-version": 4, "code-base-name": "todo_frontend", "filename": "todo_frontend/src/App.css", "revision_history": [{"18": "cbc5e59a46abc3d899789e4d991cea5a55aa5b8a"}]}