{"is_source_file": true, "format": "JavaScript (React JSX)", "description": "This file is a React component that implements a simple application with a theme toggle button, logo display, and some static UI elements.", "external_files": ["./logo.svg", "./App.css"], "external_methods": ["React.useState", "React.useEffect"], "published": ["App"], "classes": [], "methods": [{"name": "App()", "description": "Functional React component implementing a theme toggle with UI elements", "scope": "", "scopeKind": ""}, {"name": "toggleTheme", "description": "Function to toggle between light and dark themes"}], "calls": ["document.documentElement.setAttribute", "setTheme", "useState", "useEffect"], "search-terms": ["React component", "theme toggle", "useState", "useEffect", "App.js", "React JSX"], "state": 2, "file_id": 4, "knowledge_revision": 25, "git_revision": "cbc5e59a46abc3d899789e4d991cea5a55aa5b8a", "ctags": [{"_type": "tag", "name": "App", "path": "/home/kavia/workspace/code-generation/simple-to-do-list-317667-317676/todo_frontend/src/App.js", "pattern": "/^function App() {$/", "language": "JavaScript", "kind": "function", "signature": "()"}, {"_type": "tag", "name": "Switch to ${theme === 'light' ? 'dark' : 'light'} mode", "path": "/home/kavia/workspace/code-generation/simple-to-do-list-317667-317676/todo_frontend/src/App.js", "pattern": "/^          aria-label={`Switch to ${theme === 'light' ? 'dark' : 'light'} mode`}$/", "language": "JavaScript", "kind": "field", "scope": "App.aria", "scopeKind": "class"}, {"_type": "tag", "name": "toggleTheme", "path": "/home/kavia/workspace/code-generation/simple-to-do-list-317667-317676/todo_frontend/src/App.js", "pattern": "/^          onClick={toggleTheme}$/", "language": "JavaScript", "kind": "field", "scope": "App.onClick", "scopeKind": "class"}], "hash": "b55dd9e6a018e59207d8e277dffd9e11", "format-version": 4, "code-base-name": "todo_frontend", "filename": "todo_frontend/src/App.js", "fields": [{"name": "aria-label={`Switch to ${theme === 'light' ? 'dark' : 'light'} mode`}", "scope": "App.aria", "scopeKind": "class", "description": "unavailable"}, {"name": "onClick={toggleTheme}", "scope": "App.onClick", "scopeKind": "class", "description": "unavailable"}], "revision_history": [{"25": "cbc5e59a46abc3d899789e4d991cea5a55aa5b8a"}]}