{"is_source_file": true, "format": "JavaScript", "description": "This is the entry point for a React application, responsible for initializing and rendering the root component into the DOM.", "external_files": ["react", "react-dom/client", "./index.css", "./App"], "external_methods": ["ReactDOM.createRoot", "root.render"], "published": [], "classes": [], "methods": [], "calls": ["ReactDOM.createRoot", "root.render"], "search-terms": ["React", "ReactDOM", "index.js", "render", "root", "createRoot"], "state": 2, "file_id": 6, "knowledge_revision": 23, "git_revision": "cbc5e59a46abc3d899789e4d991cea5a55aa5b8a", "ctags": [{"_type": "tag", "name": "root", "path": "/home/kavia/workspace/code-generation/simple-to-do-list-317667-317676/todo_frontend/src/index.js", "pattern": "/^const root = ReactDOM.createRoot(document.getElementById('root'));$/", "language": "JavaScript", "kind": "constant"}], "hash": "9fc5841375336fc175b49f8767a11383", "format-version": 4, "code-base-name": "todo_frontend", "filename": "todo_frontend/src/index.js", "revision_history": [{"23": "cbc5e59a46abc3d899789e4d991cea5a55aa5b8a"}]}