{"is_source_file": false, "format": "", "description": "", "external_files": [], "external_methods": [], "published": [], "classes": [], "methods": [], "calls": [], "search-terms": [], "state": 2, "file_id": 11, "knowledge_revision": 20, "git_revision": "cbc5e59a46abc3d899789e4d991cea5a55aa5b8a", "hash": "ebece526bc2eadd78ddd787a76c56607", "format-version": 4, "code-base-name": "todo_frontend", "filename": "todo_frontend/README.md", "revision_history": [{"20": "cbc5e59a46abc3d899789e4d991cea5a55aa5b8a"}]}