{"is_source_file": false, "format": "", "description": "", "external_files": [], "external_methods": [], "published": [], "classes": [], "methods": [], "calls": [], "search-terms": [], "state": 2, "file_id": 12, "knowledge_revision": 16, "git_revision": "cbc5e59a46abc3d899789e4d991cea5a55aa5b8a", "hash": "d001d53c059625c4bcf75bf5a7f3fcf0", "format-version": 4, "code-base-name": "todo_frontend", "filename": "todo_frontend/package.json", "revision_history": [{"16": "cbc5e59a46abc3d899789e4d991cea5a55aa5b8a"}]}